Ticker,Trading_Days,Mean_Daily_Excess_Return,Annualized_Excess_Return,Sharpe_Ratio,Cumulative_Return,Annualized_Return,Mean_Daily_Return
A,250,0.0005746857429258503,0.14482080721731427,0.5269428443452424,0.1723402007686674,0.1738323843758176,0.0007859409247553173
AAL,250,-0.0011820480351951615,-0.2978761048691807,-0.7390903100031576,-0.27656678032800786,-0.2784380309365082,-0.0009707928533656929
AAPL,250,0.0006460606787887291,0.16280729105475972,0.7263354459637686,0.20869836316352175,0.21053256610239557,0.0008573158606181975
ABBV,250,0.0009864133535366709,0.24857616509124106,1.3007877023541023,0.32462889069528544,0.327611411503429,0.0011976685353661382
ABT,250,0.00024533777586411513,0.061825119517757016,0.3276004742765847,0.10131257485207734,0.10216314039486396,0.0004565929576935848
ACGL,250,0.0014237591850443795,0.35878731463118363,1.6211503770148812,0.46851049475152107,0.47303162517130404,0.001635014366873845
ACN,250,6.002314425406352e-05,0.015125832352024008,0.06702016551412786,0.043357607847902546,0.0437119420134684,0.00027127832608353486
ADBE,250,9.473239284323254e-05,0.0238725629964946,0.07062191312910224,0.019885923074752787,0.020046594531593964,0.00030598757467270056
ADI,250,0.0009729273369041092,0.24517768889983552,0.8240483260607302,0.2872883065629175,0.28989164831737946,0.0011841825187335734
ADM,250,-0.0010474156270859091,-0.2639487380256491,-0.8003914117746661,-0.23561848629333249,-0.2372597643487755,-0.0008361604452564406
ADP,250,0.00015771535454995797,0.03974426934658941,0.22040581750511934,0.07882699379124691,0.0794820348117864,0.0003689705363794297
ADSK,250,0.0005845523180567851,0.14730718415030986,0.5311640495349196,0.17443863684548222,0.17595031540505257,0.0007958074998862541
AEE,250,7.60980492652305e-05,0.019176708414838085,0.09261575769912987,0.05175277687604596,0.05217741801401021,0.00028735323109469884
AEP,250,0.0009004803651256113,0.22692105201165405,1.1169099777189706,0.293601691458107,0.29626853517477536,0.001111735546955078
AES,250,-9.472845213967552e-05,-0.023871569939198232,-0.06247050127122148,-0.04248184766968155,-0.042814321435283076,0.00011652672968979317
AFL,250,0.001423559162581759,0.3587369089706033,1.8387136213425603,0.4759931197694669,0.48059748632217825,0.0016348143444112275
AIG,250,0.0009169499335347904,0.23107138325076718,1.1797308209789898,0.3006414731376539,0.30337941868621465,0.001128205115364262
AIZ,250,0.0012318860475625205,0.31043528398575515,1.4399790112039665,0.4022996722771448,0.4060978986250099,0.0014431412293919902
AJG,250,0.0007964481105226714,0.20070492385171318,1.126440634978789,0.26615310533880554,0.2685456904939849,0.0010077032923521384
AKAM,250,-0.00022839185149589912,-0.057554746576966576,-0.23626007978682442,-0.03331753381175351,-0.03357954818394959,-1.713666966643107e-05
ALB,250,-0.002753587994740572,-0.6939041746746242,-1.2257757749665175,-0.5493358510158151,-0.5522002624107705,-0.002542332812911105
ALL,250,0.0020240040756819185,0.5100490270718434,2.3922542815023387,0.7089363839871128,0.7162782680029738,0.0022352592575113892
ALLE,250,0.0006535252477584036,0.1646883624351177,0.7225891126508248,0.20993460860907587,0.2117805976294218,0.0008647804295878706
AMAT,250,0.0010761563645338326,0.2711914038625258,0.7017484041047768,0.28099219085743576,0.2835324535166235,0.0012874115463633014
AME,250,0.00012088695949453882,0.03046351379262378,0.15149543128677054,0.06473706536195412,0.06527150905420576,0.00033214214132400676
AMGN,250,0.0009598039957904098,0.24187060693918327,0.9759387730859973,0.3004168037249333,0.3031524753458765,0.0011710591776198775
AMP,250,0.0009513247532603054,0.23973383782159696,1.2494000660910864,0.31296195158447726,0.31582507403784343,0.0011625799350897766
AMT,250,0.0007796606806108377,0.1964744915139311,0.756569975544148,0.23933849150588404,0.24146779443288402,0.0009909158624403069
AMZN,250,0.000976563128120447,0.24609390828635264,0.8615072494156318,0.29235452005738516,0.29500879956883863,0.0011878183099499158
ANET,250,0.0024420643515085296,0.6154002165801494,1.5190650154347407,0.7905350820326253,0.7988986557460693,0.0026533195333379982
ANSS,250,-2.3152108347455012e-05,-0.005834331303558663,-0.020195684973555627,0.007491504427747708,0.007551662191175756,0.00018810307348201565
AOS,250,0.0004219534717606551,0.10633227488368509,0.4406572162073326,0.13796386527093274,0.13914104262365323,0.0006332086535901236
APA,250,-0.0018427928442793211,-0.4643837967583889,-1.4553439449301964,-0.3680124531074874,-0.3703282795323096,-0.0016315376624498519
APD,250,-0.0002930707529305289,-0.07385382973849328,-0.2472909555596577,-0.06432448700370674,-0.06482203326658109,-8.181557110105931e-05
APH,250,0.0015781903250160177,0.39770396190403645,1.7351241656987664,0.5230890184181449,0.5282242581279324,0.001789445506845486
APTV,250,-0.00145374135205076,-0.36634282071679153,-0.9881558473539386,-0.31543688159936967,-0.31750919392583077,-0.0012424861702212931
ARE,250,9.712046066458733e-05,0.02447435608747601,0.072973753446853,0.02240276028174626,0.022583991133503956,0.0003083756424940547
ATO,250,0.00033789496271089737,0.08514953060314613,0.5237911106602151,0.1322421764184043,0.13336773036384142,0.0005491501445403624
AVB,250,0.0007425640805269662,0.18712614829279547,0.9408716172564225,0.24472008894607966,0.2469018589730938,0.0009538192623564372
AVGO,250,0.0026474863247459455,0.6671665538359782,1.5536404413343008,0.8660891369179693,0.8754256166830288,0.002858741506575417
AVY,250,0.0004914382782391064,0.12384244611625482,0.6996221455499565,0.17368533006555875,0.1751900067463259,0.0007026934600685772
AWK,250,3.8003405542822e-05,0.009576858196791145,0.04297707117735663,0.03860661790720088,0.03892140515326137,0.00024925858737229135
AXP,250,0.0018226647329535556,0.459311512704296,2.0282007728620783,0.6204109873991275,0.6266802010797838,0.0020339199147830305
AZO,250,0.0007759621436310698,0.19554246019502958,0.9170197857649541,0.2513737526082478,0.253620651324574,0.0009872173254605401
BA,250,-0.0010148164430808088,-0.2557337436563638,-0.8045626540778829,-0.22229180734145249,-0.2238543864353304,-0.0008035612612513429
BAC,250,0.0012626359421157836,0.31818425741317746,1.347364456223022,0.406142189222948,0.40998168922275147,0.0014738911239452503
BALL,250,0.0005240839197776716,0.13206914778397325,0.5019625401344074,0.1616603134677026,0.16305374957425522,0.0007353391016071401
BAX,250,-0.0003160103858742238,-0.07963461724030439,-0.2771672873123941,-0.06551724008333037,-0.06602368291954974,-0.0001047552040447563
BBWI,250,-0.0007241981213241527,-0.18249792657368646,-0.43684416916483576,-0.19370906949987698,-0.19509669823844744,-0.0005129429394946847
BBY,250,0.0011510081810619207,0.290054061627604,0.8771145696597346,0.33386483331440253,0.33694246321845456,0.0013622633628913865
BDX,250,-0.0006884945233970749,-0.17350061989606289,-0.8848955727207725,-0.12946200136181163,-0.1304270241363743,-0.00047723934156760175
BEN,250,-0.0011556180893133904,-0.2912157585069744,-0.9503007060686552,-0.24674361224561203,-0.2484491577469975,-0.0009443629074839255
BG,250,-0.0006052005770087335,-0.15251054540620085,-0.6469473809542909,-0.11858806979429748,-0.11947770689388792,-0.0003939453951792679
BIIB,250,-0.0011393830960519438,-0.2871245402050899,-1.1015603759407495,-0.2335966455224141,-0.235226103375756,-0.0009281279142224792
BIO,250,-0.0006351606625404431,-0.16006048696019168,-0.5001426359467076,-0.14515965000838982,-0.14623156645116198,-0.00042390548071097545
BK,250,0.0014807257520334947,0.3731428895124407,2.077907122434918,0.5019815933710663,0.5068774275104113,0.0016919809338629657
BKNG,250,0.0008370481601195818,0.2109361363501346,0.8020076669939373,0.2550138577236145,0.25729650827265815,0.0010483033419490487
BLK,250,0.0008432061051683063,0.2124879385024132,1.0823519494214993,0.27700759631388805,0.27950806750571267,0.0010544612869977713
BMY,250,-0.0009401961624476672,-0.23692943293681212,-0.8992489226901723,-0.19461463408152757,-0.19600793229472102,-0.0007289409806182015
BR,250,0.0003586507530605383,0.09037998977125565,0.48925620958947375,0.13380203676463376,0.13494164131350272,0.0005699059348900093
BRO,250,0.0012519103648978788,0.31548141195426543,1.6924368114110357,0.416846382443272,0.42080130645066505,0.0014631655467273492
BSX,250,0.0015510841893173642,0.3908732157079758,2.0492712899278547,0.5253637177320416,0.5305248994936413,0.001762339371146836
BWA,250,-0.000766252237575041,-0.19309556386891033,-0.5905907565428193,-0.17486076678646656,-0.17612854665982902,-0.000554997055745574
BX,250,0.0012161005514277105,0.30645733895978305,0.9903480785675778,0.36242706020491067,0.3658020712119845,0.001427355733257183
BXP,250,0.0005629721592792181,0.14186898413836296,0.36699864747389316,0.12807439826698497,0.12916249567735028,0.0007742273411086893
C,250,0.0015439936825717444,0.3890864080080796,1.6086673523319452,0.506131261356848,0.5110739735720844,0.0017552488644012132
CAG,250,0.0001263264413600032,0.0318342632227208,0.14963444655149954,0.06412009166723509,0.06464928884558208,0.0003375816231894686
CAH,250,0.0008879337156222168,0.22375929633679864,1.0530273689885277,0.28705182534872775,0.2896527933563018,0.0010991888974516855
CAT,250,0.00079204571418694,0.19959551997510888,0.7816528332369059,0.24401748857123984,0.2461923980133114,0.0010033008960164107
CB,250,0.0011862788134327767,0.2989422609850597,1.7619303706890688,0.3979044815835884,0.40165560224029506,0.0013975339952622444
CBOE,250,0.0011169804914146159,0.2814790838364832,1.398944712752398,0.3660547556711333,0.36946788568801936,0.0013282356732440817
CBRE,250,0.001114237938230617,0.28078796043411547,0.9855409426106592,0.33852596934424484,0.341651794774817,0.001325493120060084
CCI,250,0.0003762051734225684,0.09480370370248724,0.3773316030531918,0.12278240365012794,0.12382312016180297,0.0005874603552520341
CCL,250,0.00036960579871087864,0.09314066127514142,0.2093545471192425,0.04895107947691235,0.04935219694232007,0.0005808609805403455
CDNS,250,0.0003669726058193823,0.09247709666648435,0.30483826108581974,0.10416322619269947,0.10503884592198309,0.000578227787648851
CDW,250,0.00012113032668517209,0.030524842324663366,0.133767874809684,0.058448293188649636,0.05892939494107119,0.00033238550851463734
CE,250,-1.5838159259510266e-05,-0.003991216133396587,-0.014831494390311995,0.013188613557245876,0.01329482075131061,0.0001954170225699578
CF,250,0.00013873609047290392,0.03496149479917179,0.12311611972155852,0.04898368006898557,0.049385070909370166,0.00034999127230236654
CFG,250,0.0016326165049355943,0.41141935924376977,1.2555552222884276,0.50366749909147,0.5085823674415291,0.001843871686765062
CHD,250,7.78786558640096e-05,0.01962542127773042,0.11111272238275469,0.058383492545892146,0.05886404621938435,0.0002891338376934807
CHRW,250,0.0006130703309681546,0.15449372340397496,0.493376540284386,0.1715903104010863,0.17307553470735204,0.000824325512797623
CHTR,250,-0.0006863749144805023,-0.17296647844908658,-0.44331368698054613,-0.17706951478120458,-0.17835152004958932,-0.0004751197326510348
CI,250,0.0010019020615094573,0.2524793195003832,0.9351272615469383,0.3077311598609509,0.31054102247262283,0.0012131572433389283
CINF,250,0.0008817395157571088,0.2221983579707914,1.082655457605416,0.2869082875585274,0.28950781493627,0.0010929946975865778
CL,250,0.0013279087587717243,0.3346330072104745,2.292721873046338,0.4535281135443965,0.457883509680312,0.0015391639406011925
CLX,250,-2.484563712844198e-05,-0.00626110055636738,-0.0266929295468292,0.019775779160005724,0.01993555202275976,0.00018640954470102613
CMCSA,250,-0.0006883442528289401,-0.1734627517128929,-0.7695114412282886,-0.13470369361631995,-0.1357046654710643,-0.00047708907099947495
CME,250,9.27169927220205e-05,0.023364682165949165,0.13611332648882937,0.06333484224048935,0.06385736612533832,0.0003039721745514916
CMG,250,0.001407308311476856,0.3546416944921677,1.3280753682202713,0.44639715070003483,0.4506741024676968,0.001618563493306322
CMI,250,0.0010088623327352854,0.25423330784929193,1.1135497219746904,0.32205040107518923,0.3250064621161597,0.0012201175145647558
CMS,250,0.0006672006164991056,0.1681345553577746,0.9207009451698167,0.22513091457144863,0.22712261195886674,0.0008784557983285744
CNC,250,0.0009227269448318045,0.23252719009761474,0.9202214492059342,0.2866003140541262,0.2891967508648938,0.0011339821266612756
CNP,250,-0.0001750763232278416,-0.04411923345341608,-0.21088457672990743,-0.01265824181910713,-0.012758858980592702,3.617885860162517e-05
COF,250,0.0013284330828004485,0.334765136865713,1.2662394997815016,0.4196134558046569,0.42359832391535135,0.001539688264629922
COO,250,0.0005210628116064362,0.13130782852482192,0.48822912405365043,0.15966988564674622,0.1610450054452952,0.0007323179934359041
COP,250,-0.0004035612319703825,-0.10169743045653638,-0.47361293115470016,-0.06836416011009105,-0.0688917880887594,-0.00019230605014091345
COR,250,0.0011002516919391809,0.27726342636867357,1.6827596080109832,0.36928439718236317,0.3727315290846944,0.0013115068737686525
COST,250,0.0018437330764003001,0.4646207352528756,2.3922699957265734,0.6396509046997136,0.6461499916444085,0.002054988258229769
CPB,250,0.0006667192330522193,0.16801324672915927,0.762242143452968,0.21594526688328397,0.21784870533323053,0.0008779744148816854
CPRT,250,0.0005230272987206886,0.13180287927761353,0.6515839753897005,0.177412174821022,0.17895153006172282,0.0007342824805501578
CPT,250,0.0005374148611413039,0.1354285450076086,0.572436918307597,0.1729435961581478,0.17444138234269624,0.0007486700429707724
CRM,250,0.0005605261809490298,0.1412525975991555,0.4131881295599191,0.14160608174986544,0.14281624170276985,0.0007717813627784981
CSCO,250,-0.0006686349873364186,-0.1684960168087775,-0.8326172916204819,-0.12621022160791984,-0.1271528148368687,-0.0004573798055069522
CSGP,250,-0.00032163718576109986,-0.08105257081179716,-0.28972289985928157,-0.06382459322445999,-0.06431840720652493,-0.00011038200393163583
CSX,250,0.0002995394960964143,0.0754839530162964,0.4277711143586256,0.11883778637707754,0.1198433163951278,0.0005107946779258812
CTAS,250,0.001723975746916179,0.4344418882228771,2.2950670767053953,0.5934765854330364,0.599427105807673,0.001935230928745651
CTRA,250,-0.0007347540655446427,-0.18515802451724997,-0.8082534805739106,-0.14511592739367518,-0.14618754931055766,-0.0005234988837151748
CTSH,250,0.0001880031828479113,0.04737680207767365,0.24168878645892553,0.08420455881031885,0.08490601958284416,0.00039925836467738014
CVS,250,-0.0005732415258128866,-0.1444568645048474,-0.47874601091272007,-0.12836906845635687,-0.12932656349161809,-0.00036198634398341425
CVX,250,-0.0005466432225771532,-0.13775409208944261,-0.6714626964943277,-0.09951312111883592,-0.10026791461653517,-0.0003353880407476838
D,250,0.0005362334343166625,0.13513082544779895,0.5308987530356095,0.16750209437870844,0.16894944652549104,0.00074748861614613
DAL,250,-5.3016620383885494e-05,-0.013360188336739144,-0.04280520920192562,-0.008632732772178353,-0.008701493291837892,0.0001582385614455819
DD,250,0.00023764351327784587,0.05988616534601716,0.22895170002980486,0.08054378197995882,0.08121361905914637,0.0004488986951073151
DE,250,-0.00043465064658121323,-0.10953196293846573,-0.47222384774459025,-0.07915971388221488,-0.07976703731869306,-0.00022339546475174575
DFS,250,0.0016293711348778085,0.41060152598920774,1.2918985279523658,0.506734851101672,0.5116843896767798,0.0018406263167072775
DG,250,-0.001536064191770139,-0.387088176326075,-0.8394124703510052,-0.36309205112812515,-0.365386535176798,-0.001324809009940672
DGX,250,0.0006051486217211943,0.15249745267374096,0.7659980856565114,0.2026509047075149,0.2044275999129448,0.0008164038035506616
DHI,250,0.001818165128936502,0.4581776124919985,1.3649346392582342,0.5706439842529063,0.5763272282828245,0.002029420310765967
DHR,250,0.00043256103753457905,0.10900538145871393,0.46858613726257337,0.1437993528569388,0.14502941955341786,0.0006438162193640482
DIS,250,0.0003357380636510574,0.08460599204006646,0.3169293885655529,0.10705533965104808,0.10795643867104832,0.0005469932454805295
DLR,250,0.00047509084568844083,0.11972289311348709,0.45822100926126524,0.1476042684877017,0.14886895016625967,0.0006863460275179077
DLTR,250,-0.0013735879180638761,-0.3461441553520968,-1.1098489850795783,-0.2884453479550696,-0.2903798672268769,-0.0011623327362344095
DOV,250,0.0007681952187144411,0.19358519511603917,0.9403749039547745,0.2510423846481271,0.2532860330290412,0.0009794504005439116
DPZ,250,0.00017833216198902613,0.044939704821234584,0.15952293566923048,0.058981377365285415,0.0594669891178059,0.00038958734381849315
DRI,250,-5.997988156411599e-05,-0.015114930154157229,-0.0728754170281439,0.01664950101915652,0.016783808618560325,0.0001512753002653569
DTE,250,0.0006741419692360802,0.1698837762474922,0.854136279776292,0.2235270725159153,0.22550331942231683,0.0008853971510655507
DUK,250,0.0008797862733678039,0.2217061408886866,1.345312378582249,0.2959171676647372,0.29860736361882045,0.0010910414551972734
DVA,250,0.0015673951987435978,0.3949835900833866,1.1265905902166733,0.46538500145010553,0.4698714553522114,0.001778650380573068
DVN,250,-0.0007504889199401905,-0.18912320782492803,-0.7420660161928943,-0.1538170761771659,-0.15494695504587985,-0.0005392337381107253
DXCM,250,-0.0009503991878689706,-0.2395005953429806,-0.41133735564912227,-0.3195289960787562,-0.3216214600288022,-0.0007391440060395003
EA,250,0.0007701633727444533,0.19408116993160224,1.1309225769131914,0.2594989727153949,0.261825791753592,0.0009814185545739182
EBAY,250,0.0009883924276183722,0.2490748917598298,1.0186013483992056,0.3104212965336035,0.3132585290000476,0.0011996476094478386
ECL,250,0.0011742612597629633,0.2959138374602668,1.4695517602863157,0.38576900331042396,0.389390642566503,0.0013855164415924363
ED,250,0.0004068218437413672,0.10251910462282454,0.5863215174209585,0.14951895090685818,0.15080108982851992,0.0006180770255708396
EFX,250,0.0015482654502770486,0.39016289346981625,1.30618850830113,0.48493933261039834,0.4896436187514883,0.001759520632106518
EG,250,0.00019350345226850808,0.048762869971664034,0.20375077107295372,0.07521930745508021,0.075843327676818,0.0004047586340979742
EIX,250,0.0008325165763701786,0.209794177245285,1.0384430753440101,0.2721823435232602,0.2746347626706962,0.0010437717581996467
EL,250,-0.0020946694244705546,-0.5278566949665797,-1.2116223141106797,-0.4331477712306395,-0.43571615437891387,-0.0018834142426410894
ELV,250,0.0007801801407706039,0.1966053954741922,1.0434598497268843,0.2588498768066183,0.26117029568542494,0.0009914353226000733
EMN,250,0.0005941092315559745,0.14971552635210558,0.6456260382961589,0.19090279009872813,0.19256847077304484,0.0008053644133854418
EMR,250,0.00016274756254090603,0.04101238576030832,0.16578134549463294,0.06540640255222963,0.06594654129996802,0.00037400274437037395
EOG,250,-0.0001721858000221071,-0.043390821605570985,-0.18773693402405214,-0.016490979338652845,-0.016621804632392934,3.906938180736497e-05
EQIX,250,0.0002009298730162889,0.050634328000104804,0.1960319044674382,0.073104183033877,0.07371006169151206,0.00041218505484575676
EQR,250,0.0005004283408648873,0.1261079418979516,0.6129990377911577,0.1699999570846631,0.17147043506498183,0.0007116835226943573
EQT,250,-0.0011188893836964699,-0.2819601246915104,-0.8820382507351452,-0.24219815928352828,-0.24387760532231972,-0.0009076342018670005
ES,250,0.0002055412130180564,0.051796385680550214,0.19355698477680247,0.07105471207687586,0.07164304437162983,0.00041679639484752234
ESS,250,0.0008435075275988788,0.21256389695491745,0.9606232278133683,0.2705877531003129,0.27302432507693597,0.0010547627094283476
ETN,250,0.0010367081258927935,0.26125044772498396,0.929922048010671,0.3135190442971172,0.3163878489951344,0.0012479633077222623
ETR,250,0.0008445714511296427,0.21283200568466995,1.1294129213446649,0.2793089583037547,0.2818323994159808,0.001055826632959111
EW,250,-0.0001612584759220021,-0.040637135932344526,-0.0967728388080222,-0.08405339617444985,-0.08469651073497231,4.9996705907467856e-05
EXC,250,-0.0003141027141557831,-0.07915388396725734,-0.36889410870013045,-0.047511914131821875,-0.04788276120376411,-0.00010284753232631543
EXPD,250,0.00010438692450189115,0.02630550497447657,0.13063205102139144,0.06049669802671631,0.06099514151895713,0.0003156421063313598
EXPE,250,0.001118679568366583,0.2819072512283789,0.6505029051532094,0.2694167812839907,0.27184172634145143,0.0013299347501960525
EXR,250,0.0012345990083032952,0.3111189500924304,1.0395945061745093,0.37390357435619337,0.37739944425977323,0.0014458541901327688
F,250,-0.00024042559203351233,-0.06058724919244511,-0.15935553957822743,-0.07825376738658074,-0.0788544419414483,-2.9170410204042097e-05
FAST,250,0.0005809824529723772,0.14640757814903907,0.6865214753640928,0.19203911023783204,0.19371548790187543,0.0007922376348018449
FCX,250,0.00028140566275263064,0.07091422701366293,0.20644815275957396,0.06724504670912723,0.06780084701447775,0.0004926608445821006
FDS,250,-0.00024613919891178443,-0.06202707812576968,-0.3042432811975686,-0.029025476094315272,-0.02925424994875503,-3.48840170823132e-05
FDX,250,0.0004920002711501401,0.12398406832983531,0.4299347442896313,0.14484418751641615,0.1460837493684355,0.0007032554529796064
FE,250,0.0006816209291987633,0.17176847415808835,0.9647483531092009,0.23059680187484188,0.23264128168892273,0.0008928761110282333
FFIV,250,0.0007457378077045743,0.18792592754155274,0.7737569143661345,0.23412911210274423,0.23620780674015296,0.000956992989534042
FI,250,0.001255225639315302,0.3163168611074561,1.8417893144586441,0.4217084079023208,0.42571597571820163,0.0014664808211447737
FIS,250,0.0013968851873038298,0.35201506720056513,1.5016380391580098,0.4546576659194823,0.45902551372564804,0.0016081403691332987
FITB,250,0.0017869717491663958,0.45031688078993176,1.5217808357592204,0.5781885334850845,0.5839597980407265,0.0019982269309958656
FMC,250,-0.0009272495546222938,-0.23366688776481806,-0.5000999216614677,-0.24985474993415002,-0.25157803208823604,-0.0007159943727928298
FRT,250,0.0005128733953648925,0.1292440956319529,0.6171305391184136,0.17275140590621296,0.17424740731588928,0.0007241285771943613
FTNT,250,0.0010068694541371975,0.2537311024425738,0.6442135363464707,0.2602267197394521,0.26256071765948397,0.0012181246359666642
FTV,250,-0.00035030452651021326,-0.08827674068057374,-0.39171161878228156,-0.058466151777449515,-0.058919823946780636,-0.00013904934468074293
GD,250,0.0009690694332105474,0.24420549716905796,1.3716083338371858,0.3224366824613438,0.32539670483157224,0.0011803246150400174
GE,250,0.0025427634553285426,0.6407763907427927,2.305484160577732,0.9152560130112868,0.9252389932464586,0.0027540186371580156
GEN,250,0.0010008021527358898,0.2522021424894442,0.8189213444045921,0.2926233498801585,0.29528033680455,0.0012120573345653606
GILD,250,2.6101257628932896e-05,0.00657751692249109,0.027183395490336597,0.030658818360599582,0.030907840993204205,0.00023735643945840056
GIS,250,0.00021048714319118813,0.05304276008417941,0.27667884386693475,0.09116982514004168,0.09193173065042837,0.0004217423250206588
GL,250,0.0007026800331605297,0.1770753683564535,0.2745554289207737,-0.057424801002514236,-0.057870643508199815,0.0009139352149899996
GLW,250,0.0008876631236534738,0.2236911071606754,0.8609378012271566,0.2735848355686792,0.276051206145824,0.0010989183054829408
GM,250,0.0015521555604529978,0.3911432012341554,1.2816359948719005,0.48419789566110305,0.4888938841418369,0.0017634107422824705
GOOGL,250,0.0006858560173432791,0.17283571637050635,0.6224927296030259,0.20433436880737932,0.2061270481408759,0.0008971111991727497
GPC,250,-0.00039819119687396526,-0.10034418161223925,-0.3929272235670688,-0.07621877214764794,-0.07680448540563745,-0.00018693601504449854
GPN,250,-0.0006710045250188938,-0.16909314030476125,-0.615229402485976,-0.14158679362028204,-0.14263458314067767,-0.00045974934318942406
GRMN,250,0.0021046430701790702,0.5303700536851257,2.0752985542004887,0.7284986015055275,0.7360826015944029,0.0023158982520085445
GS,250,0.001663822283796598,0.4192832155167427,1.8746420678320475,0.5584911713875331,0.5640332486714155,0.001875077465626068
GWW,250,0.0011805076757060644,0.29748793427792825,1.4240128276006017,0.385688880263664,0.3893096674812666,0.0013917628575355345
HAL,250,-0.0010589134326134584,-0.26684618501859153,-1.0016605511228553,-0.21904046520714904,-0.2205835638336181,-0.000847658250783991
HAS,250,-0.0002527030326675419,-0.06368116423222056,-0.19027497273397184,-0.06360759987887332,-0.06409979308687053,-4.144785083807245e-05
HBAN,250,0.0010943009279415147,0.2757638338412617,0.9932486062640409,0.3342245909761574,0.33730593604397363,0.0013055561097709823
HCA,250,0.0012748319340140843,0.32125764737154927,1.3377986115926845,0.40874612648130215,0.4126136444476025,0.0014860871158435549
HD,250,0.00027771610867381263,0.06998445938580078,0.3378823542123789,0.10634086362331718,0.10723566248869476,0.0004889712905032809
HES,250,-0.0005952360549409462,-0.14999948584511844,-0.575712420275346,-0.12175572367186116,-0.12266743330221663,-0.0003839808731114785
HIG,250,0.0017433409287919614,0.4393219140555743,2.408529170765135,0.6029269361445178,0.6089888584783447,0.00195459611062143
HLT,250,0.0013661062697441402,0.34425877997552334,1.7385048027594558,0.454569532381788,0.4589364083887877,0.0015773614515736103
HOLX,250,0.00016330124857586516,0.04115191464111802,0.23285417875878373,0.08146958058340181,0.08214740575140844,0.000374556430405332
HON,250,0.00023411226952345344,0.058996291919910265,0.3681439339225617,0.10361486456660951,0.10448566016325156,0.00044536745135292336
HPE,250,0.00031350735858474244,0.0790038543633551,0.23233755928527133,0.07730819423726687,0.07795016393131182,0.0005247625404142073
HPQ,250,0.0006510062356481299,0.16405357138332874,0.5639441307897693,0.19130718819200898,0.1929766747501347,0.0008622614174776019
HRL,250,-0.0007147859277512542,-0.18012605379331606,-0.6368121546340442,-0.1523438035510416,-0.1534638688638671,-0.0005035307459217834
HSIC,250,-0.00040824574476198896,-0.10287792768002121,-0.419706333823677,-0.07596588786218039,-0.07654973938815446,-0.0001969905629325213
HST,250,0.00034963199428485626,0.08810726255978378,0.37110829156504366,0.11883698510629026,0.11984250798829166,0.0005608871761143264
HSY,250,-0.0005372370105325925,-0.1353837266542133,-0.6602762521546656,-0.09721771312392313,-0.09795605922231532,-0.00032598182870312504
HUBB,250,0.0007492951036798347,0.18882236612731834,0.6399832279175638,0.2173013572997886,0.21921779038228761,0.0009605502855093041
HUM,250,-0.00104117513613007,-0.26237613430477763,-0.8079980216909369,-0.23043352837834286,-0.23204440777681545,-0.0008299199543006006
IBM,250,0.0011290202200996695,0.2845130954651167,1.3214974865208637,0.3662971579500265,0.36971283785377795,0.0013402754019291407
ICE,250,0.0011309519446111352,0.2849998900420061,1.767933151539493,0.3806512272657838,0.3842185187557956,0.0013422071264406039
IDXX,250,-0.00029261167003081514,-0.07373814084776542,-0.2580547714246052,-0.05859692439114261,-0.059051579152122335,-8.135648820134834e-05
IEX,250,-0.0005382687182004566,-0.13564371698651506,-0.7002247135590612,-0.09549677224605757,-0.09622275635136202,-0.0003270135363709905
IFF,250,0.0014869818500139933,0.37471942620352633,1.4695509866722096,0.4802846670999299,0.48493691105028436,0.001698237031843464
INCY,250,-1.3117434050832543e-05,-0.0033055933808098007,-0.01241525474861995,0.014994607885229438,0.015115466834603408,0.00019813774777863508
INTC,250,-0.0017364583883208323,-0.43758751385684974,-0.89606820280971,-0.39797867937495746,-0.4004177506373814,-0.0015252032064913639
INTU,250,0.00047823831846030595,0.1205160562519971,0.4527891574207487,0.14676134964107068,0.14801835412466868,0.0006894935002897739
IP,250,0.0012313651791700532,0.3103040251508534,1.069584145580476,0.3759590809473663,0.3794766793650961,0.0014426203609995243
IPG,250,-0.00011648721370476636,-0.029354777853601122,-0.1349132605334827,0.00030681400916621193,0.00030926890075266833,9.476796812470761e-05
IQV,250,0.00042074105015983644,0.10602674464027878,0.3539713160501049,0.12133910310046025,0.12236693218853811,0.0006319962319893048
IRM,250,0.0022119934403440813,0.5574223469667084,2.326052149278747,0.780537667811305,0.7887744173314559,0.002423248622173547
ISRG,250,0.001788239835636498,0.4506364385803975,1.624421899363529,0.5870300540283409,0.59290484196861,0.001999495017465966
IT,250,0.001288994826333767,0.32482669623610927,1.216513245198265,0.40543931963693214,0.40927126354735455,0.0015002500081632325
ITW,250,-6.995638701621394e-05,-0.017629009528085913,-0.11276859519899464,0.023487074719158896,0.023677178465254523,0.00014129879481325193
IVZ,250,0.00024342412459378048,0.06134287939763268,0.1942170152115476,0.06612597757563154,0.06667224261161997,0.00045467930642325096
J,250,0.000313701876687575,0.0790528729252689,0.3702448547367505,0.11449253538894433,0.1154594351537428,0.0005249570585170449
JBHT,250,-0.0004699975725870342,-0.11843938829193262,-0.43600250430747595,-0.09664632134884132,-0.09738056591121058,-0.00025874239075756764
JCI,250,0.0007081669049047516,0.1784580600359974,0.7044157514771674,0.21863499434113365,0.2205642187986374,0.000919422086734224
JKHY,250,0.00022035603570501723,0.055529720997664345,0.29461764959316544,0.09457234802047143,0.0953639112847533,0.0004316112175344816
JNJ,250,-3.209404041850852e-05,-0.008087698185464147,-0.05223902442734646,0.033524458038665106,0.033797135812959844,0.00017916114141095757
JNPR,250,0.001041322954737687,0.2624133845938971,1.0085746263986701,0.3265097842561644,0.329511631881098,0.0012525781365671591
JPM,250,0.0015612718059722086,0.39344049510499657,2.1456709636038065,0.5311264939208145,0.5363535206349153,0.0017725269878016798
K,250,0.001378086021069311,0.34727767730946635,1.2438824005692244,0.4334555272155065,0.4375908415277272,0.0015893412028987787
KEY,250,0.0016079651604176638,0.40520722042525126,1.1081258463181236,0.4757784469447437,0.4803804212110121,0.0018192203422471302
KEYS,250,0.0005191360429556683,0.1308222828248284,0.44736985484237024,0.1511800828816272,0.15247738814279876,0.0007303912247851397
KHC,250,0.0002066297932791104,0.05207070790633582,0.25586489736051365,0.08747692799098172,0.08820674162708064,0.00041788497510858035
KIM,250,0.0007534950350976053,0.18988074884459655,0.7379225570024355,0.23199159230987565,0.23404957263454174,0.0009647502169270717
KLAC,250,0.002004984412962301,0.5052560720664999,1.3123221909201337,0.6161690079909081,0.6223877877198702,0.0022162395947917714
KMB,250,0.0003598194419312907,0.09067449936668526,0.5025435896321271,0.1349443331333937,0.1360942380240664,0.0005710746237607659
KMI,250,0.0007668450097831326,0.1932449424653494,1.1257285193224922,0.25845977029913647,0.26077634398423677,0.0009781001916126016
KMX,250,0.0001211522747859467,0.03053037324605857,0.08068651864228642,0.01160566163499821,0.011699047931582607,0.000332407456615415
KO,250,0.0006261639823930314,0.1577933235630439,1.1781013654637111,0.22188500324902738,0.22384544900873182,0.000837419164222503
KR,250,0.00045776644636870884,0.11535714448491463,0.5538369772466305,0.15724227086160036,0.1585950886109675,0.0006690216281981786
L,250,0.0009291864885196363,0.23415499510694837,1.5744003179781465,0.3152488514424079,0.3181353120256547,0.001140441670349106
LDOS,250,0.0017510906698184588,0.4412748487942516,2.3052638638345453,0.6037029581118194,0.6097740483665679,0.00196234585164793
LEN,250,0.001627048965113167,0.4100163392085181,1.3175265263480649,0.5088678272248912,0.5138415045771916,0.0018383041469426343
LH,250,0.0003059763419598683,0.07710603817388681,0.361119432874712,0.11283762877327486,0.11378985197418912,0.0005172315237893395
LKQ,250,-0.0010001404333076236,-0.25203538919352114,-0.8781396924509184,-0.21335348982755387,-0.21486225319930718,-0.0007888852514781553
LLY,250,0.002147600102221657,0.5411952257598576,1.7880836165123615,0.7232145263478589,0.7307329493131993,0.0023588552840511294
LMT,250,0.0007974983148958845,0.2009695753537629,1.1457952935267661,0.26757103143805794,0.26997766723206507,0.001008753496725353
LNT,250,0.0004875665503109624,0.12286677067836253,0.6558044883614648,0.17031531203672134,0.17178871271456742,0.0006988217321404303
LOW,250,0.00016064913592116236,0.040483582252132916,0.17484810707499757,0.06877126089603625,0.06934008089641774,0.0003719043177506315
LRCX,250,0.0007187896136428235,0.18113498263799152,0.46423194241014243,0.16959653550983966,0.17106327559513135,0.0009300447954722928
LULU,250,-0.0017376530565604868,-0.4378885702532427,-1.2590526571135194,-0.3580494330551408,-0.36032172772802507,-0.0015263978747310182
LUV,250,-0.00025955402949946315,-0.06540761543386471,-0.17414754555511808,-0.07956715448533913,-0.08017746585034391,-4.829884766999254e-05
LVS,250,-0.0014235620374072975,-0.35873763342663895,-1.2743697637116256,-0.29018748476516654,-0.29213114968963383,-0.001212306855577829
LYB,250,-0.000232025427149398,-0.0584704076416483,-0.3103682441012267,-0.022481967366707267,-0.022659769854190492,-2.0770245319929185e-05
MA,250,0.00044688782455580003,0.11261573178806161,0.6855032421090209,0.16307718993012266,0.1644836811917354,0.0006581430063852682
MAA,250,0.0003647304668521505,0.09191207764674192,0.4018572666557343,0.12545914125395674,0.12652379833930372,0.0005759856486816221
MAR,250,0.0004071208886725096,0.10259446394547242,0.47329479194547747,0.1402681667954233,0.14146620015664202,0.0006183760705019807
MAS,250,0.0010801430998591505,0.2721960611645059,1.006397611328282,0.3322169446140786,0.335277567043905,0.001291398281688621
MCD,250,-4.211809099670305e-05,-0.010613758931169169,-0.06057952918198042,0.02747918115475323,0.02770203189694964,0.00016913709083276674
MCHP,250,3.080070779805108e-05,0.007761778365108872,0.021938337582719222,-0.0015797454365209518,-0.0015923733325111655,0.00024205588962751643
MCK,250,0.0011061244069553555,0.27874335055274957,1.3669852326714251,0.3607217880219191,0.3640789073791897,0.0013173795887848239
MCO,250,0.0013244830146869112,0.33376971970110164,1.6343169486048026,0.4374041603987806,0.44158259009136036,0.0015357381965163822
MDLZ,250,-2.9263427883389538e-05,-0.007374383826614163,-0.041666289836119,0.030420362217238095,0.03066741934771322,0.00018199175394607959
MDT,250,0.00016077865866612922,0.040516221983864564,0.2160055686677678,0.07853408977642284,0.07918660861780058,0.0003720338404955969
MET,250,0.0006148924773097501,0.15495290428205702,0.7738115194367813,0.20497666686838434,0.20677544969334982,0.0008261476591392146
META,250,0.0023108350837051724,0.5823304410937035,1.579907518820498,0.7589243166546313,0.7668884433625764,0.0025220902655346436
MGM,250,-0.0006400579523072154,-0.16129460398141826,-0.47380691951776027,-0.15242386818744946,-0.15354446734575034,-0.00042880277047774616
MHK,250,0.0017784081472655613,0.44815885311092146,1.1259337284711783,0.52426804136695,0.5294167239414092,0.0019896633290950303
MKC,250,-0.00010961822700453272,-0.027623793205142244,-0.11046681826344601,-0.005344274298635265,-0.005386913129943327,0.00010163695482493739
MLM,250,0.000525631499237471,0.1324591378078427,0.5468843090561715,0.16784353841896849,0.16929404919558255,0.0007368866810669425
MMC,250,0.00043379137031799165,0.1093154253201339,0.7364541555908782,0.16212897554112682,0.16352672837486737,0.000645046552147464
MMM,250,0.0016482400935763726,0.4153565035812459,1.2120613571854475,0.5062107206790856,0.5111543314358022,0.0018594952754058412
MNST,250,-0.000835188101712414,-0.21046740163152833,-0.9218708469095864,-0.16657821920484628,-0.16779223257709752,-0.000623932919882946
MO,250,0.0006555479898443534,0.16519809344077707,0.8575761850540079,0.21899795315680515,0.22093066091927804,0.0008668031716738256
MOS,250,-0.0013343819216555999,-0.3362642442572112,-1.0384907539902466,-0.2830614607581997,-0.2849674999285233,-0.001123126739826131
MPC,250,0.000719860512541318,0.18140484916041213,0.6459468716113351,0.21348305679655155,0.21536293253979144,0.0009311156943707849
MRK,250,0.00017174150244789278,0.043278858616868976,0.21513189735114985,0.07838675252561145,0.07903800289725371,0.00038299668427736565
MRO,250,0.0001579141222174673,0.03979435879880176,0.1449563651649157,0.056805568923183225,0.057272786522117425,0.0003691693040469352
MS,250,0.0006668146821461382,0.16803729990082683,0.6805873860773795,0.20827989049973317,0.210110106128784,0.0008780698639756068
MSCI,250,0.00022781890880183898,0.057410365018063424,0.20344770150047004,0.07240623422375148,0.0730061339056085,0.0004390740906313086
MSFT,250,0.0008211575181148784,0.20693169456494934,1.040902374385696,0.26921441611524766,0.2716373527143858,0.0010324126999443509
MSI,250,0.0016247522122372674,0.4094375574837914,2.336989797178045,0.5582347009227866,0.5637738072949794,0.0018360073940667378
MTB,250,0.0012008136684020982,0.3026050444373288,1.074918327830396,0.36855914191153505,0.3719986329101257,0.0014120688502315677
MTD,250,0.0006462499306278902,0.16285498251822833,0.4994226667653388,0.17716151824515047,0.17869853811721215,0.0008575051124573578
MU,250,0.0014009357811797503,0.35303581685729707,0.823642897073216,0.3672396462319498,0.3706652436959452,0.001612190963009216
NCLH,250,0.000663501382012981,0.1672023482672712,0.32307823712750894,0.09085364669367002,0.09161280060951826,0.0008747565638424522
NDAQ,250,0.0011839029835294108,0.2983435518494115,1.447701483702482,0.3877551739862686,0.39139794639583814,0.0013951581653588838
NDSN,250,5.955741780826379e-05,0.015008469287682475,0.06889438391054739,0.04500836340270431,0.04537647923855492,0.0002708125996377323
NEE,250,0.0007213706182017469,0.18178539578684022,0.5893794946586949,0.2039778499986069,0.20576714267593021,0.0009326258000312155
NEM,250,0.0012598169377316002,0.31747386830836327,0.8954304504637717,0.3578331588002692,0.36116001020082344,0.0014710721195610671
NFLX,250,0.0018591988929431145,0.46851812102166485,1.4445106707352988,0.5944120391941579,0.600373566632485,0.0020704540747725833
NI,250,0.0007416619994393064,0.1868988238587052,0.9490219410684986,0.2447289923963929,0.24691084938226004,0.0009529171812687769
NKE,250,-0.0007916720307909666,-0.19950135175932357,-0.5874543011058349,-0.18601016805388182,-0.18734926644289707,-0.0005804168489615018
NOC,250,0.0006121418957343609,0.15425975772505895,0.7151087644176818,0.2010698035839904,0.20283150390556393,0.0008233970775638297
NOW,250,0.0014886539346236078,0.3751407915251492,1.123212162411057,0.44699430160878784,0.4512778114634324,0.0016999091164530806
NRG,250,0.0031617173359723967,0.796752768665044,2.536558743769154,1.210923288671781,1.2250012726868262,0.003372972517801866
NSC,250,0.0007852277340148425,0.19787738897174031,0.7602970880726672,0.24120553155120494,0.24335301556975164,0.0009964829158443111
NTAP,250,0.001756171006055919,0.44255509352609157,1.3658215736284447,0.5556701494132457,0.5611795672382083,0.001967426187885386
NTRS,250,0.0005756090594953479,0.14505348299282766,0.5809786243368159,0.18010089279413344,0.18166532591522921,0.0007868642413248144
NUE,250,-0.0005766330866021716,-0.14531153782374726,-0.5387012971018676,-0.11977052931763732,-0.12066841665898576,-0.00036537790477270154
NVDA,250,0.003890587631675737,0.9804280831822857,1.9500966489860265,1.4607805876265063,1.478571634814433,0.004101842813505207
NVR,250,0.0012883105402482701,0.3246542561425641,1.2824324129078557,0.40912069919855343,0.4129922507136021,0.0014995657220777394
NWSA,250,0.0010304278203597948,0.2596678107306683,1.1728414284150823,0.33129694593877845,0.33434808044242414,0.001241683002189264
NXPI,250,0.0008160417589930227,0.20564252326624172,0.6058595162741497,0.22099436632677683,0.22294624920480421,0.0010272969408224916
O,250,0.00026559030068812773,0.06692875577340819,0.33970924968692845,0.10516013820607828,0.10604453375466227,0.00047684548251759423
OKE,250,0.0012379211444616947,0.31195612840434706,1.5818907733335734,0.4090007064900574,0.41287096578799765,0.0014491763262911652
OMC,250,0.0007699692802913534,0.19403225863342105,0.9554902538684502,0.25208828639194136,0.2543421962680912,0.0009812244621208242
ON,250,-0.0006709231501767594,-0.16907263384454338,-0.33483941573501147,-0.2165995819797959,-0.21812798439977255,-0.00045966796834729176
ORCL,250,0.0006447903362512142,0.16248716473530597,0.4750535099895976,0.16836180376728271,0.1698171104520534,0.0008560455180806833
ORLY,250,0.0005744031421852217,0.14474959183067587,0.7166557049694137,0.1926433649738737,0.1943254344805616,0.0007856583240146915
OXY,250,-0.0006084070387814777,-0.1533185737729324,-0.6712116083773749,-0.11754685130029419,-0.11842921304194332,-0.0003971518569520096
PANW,250,0.0018211855674776923,0.45893876300437847,1.0379873593226836,0.4943968333738098,0.4992072236863663,0.00203244074930716
PARA,250,-0.0005765322656788104,-0.14528613095106022,-0.2421598808999738,-0.23296699196859127,-0.2345927599351656,-0.00036527708384934387
PAYX,250,0.0001407223328931781,0.035462027889080885,0.18400023265071816,0.07189538654134386,0.07249091237137173,0.00035197751472264635
PCAR,250,0.0004691913487173695,0.11823621987677711,0.4926556887428644,0.15158050970971582,0.1528814738127704,0.000680446530546839
PCG,250,0.0005893537002458292,0.14851713246194898,0.731770509269528,0.1968409391664756,0.1985626163461689,0.0008006088820753012
PEG,250,0.0010098652865410491,0.25448605220834436,1.3973422567054734,0.33471074380165633,0.33779711054285366,0.0012211204683705216
PEP,250,-0.00021088761377341004,-0.05314367867089933,-0.31493977827413844,-0.013917421511927541,-0.014027976288113142,3.6756805605794864e-07
PFE,250,-0.000925567359127277,-0.2332429745000738,-0.9304923910032638,-0.1892118161371249,-0.1905711677711709,-0.0007143121772978103
PFG,250,2.005948942204764e-05,0.0050549913343560056,0.024888158631561304,0.03812313976967796,0.038433912390708924,0.0002313146712515187
PG,250,0.0002525231260635032,0.0636358277680028,0.41999652187519637,0.11021939929293212,0.111148443269377,0.00046377830789297455
PGR,250,0.0023649956700241316,0.5959789088460812,2.8159951042856903,0.8615294132089995,0.870806464498789,0.002576250851853601
PH,250,0.0013397678841668272,0.33762150681004044,1.2352315096798712,0.4207262802325207,0.42472320316298817,0.0015510230659962964
PHM,250,0.0018538492445280465,0.46717000962106775,1.4637168924841333,0.5932469838130081,0.5991948032479286,0.002065104426357516
PKG,250,0.0012125517740082224,0.30556304705007203,1.5775052647437515,0.40104303762134674,0.4048277845340875,0.0014238069558376917
PLD,250,2.908653048733195e-05,0.007329805682807652,0.027748383574008998,0.025925061817760664,0.026135149319331363,0.00024034171231679936
PM,250,0.0008605514419232672,0.21685896336466332,1.2751155267953505,0.28856605897041,0.2911822325958531,0.0010718066237527374
PNC,250,0.0015814115431940113,0.39851570888489085,1.5422618011501616,0.5144002167342387,0.5194366174552052,0.0017926667250234792
PNR,250,0.0008305699498318873,0.20930362735763558,0.7605910987523287,0.2498591260666141,0.2520911738407803,0.001041825131661356
PNW,250,0.0004357615384123266,0.10981190767990631,0.5433036921504909,0.1520336348134208,0.1533387406368678,0.0006470167202417989
PPG,250,-0.0005002415662659313,-0.1260608746990147,-0.6584362013535562,-0.08647277835578815,-0.08713350988943858,-0.000288986384436459
PPL,250,0.0008655398188968664,0.21811603436201032,1.2360907157925491,0.2887721951710691,0.2913904398854861,0.001076795000726336
PRU,250,0.0008111414146121432,0.20440763648226007,0.9410506351681692,0.26090132458808024,0.26324198019981115,0.0010223965964416123
PSA,250,0.0007754564061985041,0.19541501436202302,0.8444491663736801,0.24626546930350557,0.24846234056330285,0.0009867115880279767
PSX,250,0.000634863004967958,0.1599854772519254,0.6370001962371731,0.19749082317372513,0.19921864319887783,0.0008461181867974279
PTC,250,0.0006712184926233552,0.16914706014108552,0.81413046152787,0.2203747620980696,0.22232069098829133,0.0008824736744528263
PWR,250,0.001048147647876716,0.26413320726493245,0.7824455589656297,0.2955829915805843,0.29826981520794327,0.0012594028297061852
PYPL,250,0.0005471869598508666,0.1378911138824184,0.3993082695648393,0.13937392878536303,0.1405638640180149,0.0007584421416803369
QCOM,250,0.0017283894980521237,0.4355541535091352,1.1908140390040423,0.5191958053471062,0.5242867082969289,0.0019396446798815954
QRVO,250,0.0003116108760628491,0.07852594076783798,0.21957689389287424,0.06860306731919752,0.069170451645864,0.0005228660578923132
RCL,250,0.0021145526630276757,0.5328672710829743,1.540824909789375,0.6849539432882299,0.6920014800390608,0.0023258078448571444
REG,250,0.00048013269836418617,0.12099343998777491,0.6006166113035887,0.1650906099137941,0.16651567687363644,0.0006913878801936527
REGN,250,0.0012639242685427772,0.3185089156727799,1.8426680741009385,0.4245396804474335,0.42857796597673414,0.0014751794503722435
RF,250,0.0009069562362981717,0.22855297154713927,0.7451022503626108,0.2618534886959356,0.2642035462003962,0.001118211418127642
RJF,250,0.0003589567956141639,0.0904571124947693,0.39557480210461454,0.12367254562365515,0.12472121779917988,0.0005702119774436332
RL,250,0.001466156032449993,0.3694713201773982,1.1530468058476886,0.4473083060655485,0.45159526520916704,0.001677411214279458
RMD,250,0.0018012768863484374,0.4539217753598062,1.180424055876426,0.5391670363385268,0.5444862266738346,0.0020125320681779117
ROK,250,-0.0005788549171570694,-0.1458714391235815,-0.46048149164648483,-0.1338003204807342,-0.1347951149325759,-0.0003675997353276021
ROL,250,0.0008669563686140542,0.21847300489074167,0.9443982194045009,0.27457459148002417,0.27705081526423525,0.0010782115504435227
ROP,250,0.00026449938690637604,0.06665384550040676,0.3888114732576692,0.10984098102460149,0.11076667897751169,0.0004757545687358456
ROST,250,0.0007288607061476913,0.1836728979492182,0.8682065359579445,0.2375513918410812,0.23966331341121228,0.0009401158879771626
RSG,250,0.001278430742993332,0.32216454723431964,2.3109234126876212,0.4369221220437889,0.44109528362272354,0.0014896859248228064
RVTY,250,0.00019942687276019056,0.05025557193556802,0.15106348508423922,0.04806707864006232,0.04846078635951634,0.00041068205458965647
SBAC,250,4.030395590647978e-05,0.010156596888432906,0.03537444465787058,0.022418698028653594,0.022600059231110414,0.00025155913773594846
SBUX,250,-8.252387517169413e-05,-0.02079601654326692,-0.05493524941394579,-0.035000003114033174,-0.03527500575732567,0.00012873130665777232
SCHW,250,0.00023890253221963152,0.06020343811934714,0.2141040013057607,0.07603303263010575,0.07666404117318204,0.00045015771404910117
SHW,250,0.001064125735326138,0.2681596853021868,1.2410641798038742,0.34404332025733697,0.3472263638858655,0.0012753809171556078
SJM,250,-0.0009729787045263432,-0.24519063354063847,-1.0587422745568007,-0.19517161987422138,-0.19656840114173935,-0.0007617235226968789
SLB,250,-0.0013219043549638943,-0.33311989745090137,-1.2642958274942178,-0.26829669893528807,-0.2701229728514759,-0.0011106491731344241
SNA,250,7.353422238214845e-05,0.01853062404030141,0.08584733984014527,0.048868851684141124,0.049269279657860654,0.00028478940421162004
SNPS,250,0.0004757305274360424,0.11988409291388268,0.37378734683154474,0.12841785930115024,0.12950903876147857,0.0006869857092655137
SO,250,0.0008563899386618243,0.21581026454277974,1.206230479738456,0.28533174586240606,0.2879154586553674,0.0010676451204912935
SPG,250,0.0014006057646790552,0.3529526526991219,1.5132981412820212,0.4563571557756294,0.4607437513477526,0.0016118609465085277
SPGI,250,0.0009075828207700382,0.22871087083404962,1.2785481621209185,0.30184659838606653,0.3045967466188524,0.0011188380025995094
SRE,250,0.0004986250590849166,0.12565351488939897,0.6610329735153313,0.17299462130934362,0.1744928813817006,0.000709880240914388
STLD,250,0.0003767803453044039,0.09494864701670978,0.3368607534652848,0.11379309167944629,0.11475378599579411,0.0005880355271338744
STT,250,0.00076366112595323,0.19244260374021394,0.8923164456205873,0.24695777203762814,0.2491614134012614,0.0009749163077826956
STX,250,0.001197251181244442,0.3017072976735994,0.9393498909506356,0.3507463659960517,0.3539991704250758,0.001408506363073911
STZ,250,-0.00043989024237518,-0.11085234107854536,-0.5832964409632034,-0.07233699505835522,-0.07289406935213638,-0.00022863506054570894
SWK,250,0.0003179075524177662,0.08011270320927708,0.24648009999969248,0.08374805630162752,0.08444556811801052,0.0005291627342472326
SWKS,250,2.94968379816965e-05,0.007433203171387518,0.021362711593813036,-0.0008206050969542522,-0.0008271672218733706,0.00024075201981116302
SYF,250,0.0016923903915545704,0.42648237867175176,1.4212729350480164,0.5388854426316196,0.5442013994838943,0.0019036455733840417
SYK,250,0.0008251863426479615,0.2079469583472863,0.9799962662221696,0.2670768077359438,0.26947854466908194,0.0010364415244774347
SYY,250,0.00027677168313994797,0.06974646415126688,0.3615604797954973,0.10926163330693028,0.11018221060964128,0.0004880268649694176
T,250,0.0011050181214933854,0.2784645666163331,1.298167192904737,0.358361784075375,0.3616941708656811,0.0013162733033228557
TAP,250,-0.0007210695287740098,-0.18170952125105047,-0.8017242949138313,-0.1421077515242819,-0.14315906645984178,-0.0005098143469445392
TDG,250,0.0015323449487340427,0.38615092708097876,1.6915738714096902,0.5068361825715533,0.5117868673570665,0.0017436001305635108
TEL,250,0.00044520726299047687,0.11219223027360017,0.5288799521368008,0.1525474688924917,0.1538572730782799,0.0006564624448199455
TER,250,0.0010527403874086034,0.26529057762696806,0.6446203658897057,0.2606490584703913,0.2629872241202509,0.0012639955692380722
TFX,250,0.0005044890196434704,0.12713123295015455,0.4396223471542429,0.14806834308274563,0.14933725362582329,0.0007157442014729371
TGT,250,0.0008274883367329022,0.20852706085669137,0.5992783835512037,0.22386870001301729,0.22584823653737418,0.0010387435185623714
TJX,250,0.0007901310057462451,0.19911301344805377,1.160958375498812,0.2658678477514187,0.26825760775647733,0.0010013861875757112
TMO,250,0.0002735710320137998,0.06893990006747755,0.3238640390728785,0.10381902958018285,0.10469162103232343,0.0004848262138432694
TMUS,250,0.0013063046866491135,0.32918878103557664,2.357657128605312,0.4470254028334786,0.4513092543055379,0.0015175598684785832
TPR,250,0.000752479649254005,0.18962487161200925,0.6229614290333535,0.21572701166698227,0.21762835984385243,0.000963734831083473
TRGP,250,0.00196227792614932,0.49449403738962866,2.1891295153205923,0.6782816856525591,0.6852478206227466,0.002173533107978791
TRMB,250,7.955511526899311e-05,0.020047889047786264,0.06818913823343567,0.029604017667331783,0.029844349354975153,0.0002908102970984605
TROW,250,-0.0003484081667513729,-0.08779885802134596,-0.366528464713237,-0.060761740634507566,-0.061232639976426584,-0.0001371529849219043
TRV,250,0.0012362706556505434,0.31154020522393694,1.5026395341609502,0.40523723373860676,0.4090670056822565,0.0014475258374800118
TSCO,250,0.0006827543589646652,0.17205409845909564,0.697453701524215,0.21326855890317464,0.2151463838671519,0.0008940095407941342
TSLA,250,-0.0001701858352247555,-0.04288683047663839,-0.07897147413194464,-0.12611727925091398,-0.1270592299640475,4.106934660470918e-05
TSN,250,0.000688611383830766,0.17353006872535304,0.7923075285119277,0.2228560063130074,0.2248257935957798,0.0008998665656602327
TT,250,0.0021942710358358003,0.5529563010306217,2.0860544604010447,0.7622180538474856,0.7702235882396391,0.0024055262176652732
TXN,250,0.0008421499278415838,0.21222178181607912,0.8533080989249517,0.26208557985599756,0.2644379299632993,0.0010534051096710525
TXT,250,0.0005007281978002276,0.12618350584565735,0.5693696853625408,0.16594215705667748,0.16737508879798635,0.0007119833796296973
UAL,250,-0.0003585008224283553,-0.09034220725194553,-0.21712154775067366,-0.11423974589144625,-0.11509893414669792,-0.0001472456405988915
UDR,250,0.0003364530119965814,0.08478615902313852,0.3903471807483309,0.12031207738161753,0.12133074514957909,0.0005477081938260475
UHS,250,0.0021993010899391376,0.5542238746646627,2.1692222174374067,0.7683732501207723,0.7764562990403645,0.002410556271768606
ULTA,250,-0.0006598001788110506,-0.16626964506038475,-0.5130962857781355,-0.1518473400755942,-0.15296409376875864,-0.00044854499698158376
UNH,250,0.0007450688007756274,0.1877573377954581,0.843169735896886,0.23929116476878898,0.2414200071268029,0.000956323982605096
UNP,250,0.0004391973739391679,0.11067773823267031,0.6270671419432154,0.15862099150443099,0.15998647026705148,0.0006504525557686355
UPS,250,-0.0011353253573854753,-0.2861019900611398,-1.0677886009562843,-0.23482141040619842,-0.23645803368278673,-0.0009240701755560075
URI,250,0.0017058719779836067,0.4298797384518689,1.1578046047493926,0.5091719557401138,0.5141490768865675,0.0019171271598130736
USB,250,0.0009267944214701316,0.23355219421047316,0.7966647720814952,0.2740760704357661,0.27654733057231407,0.0011380496032996014
V,250,0.00026597612525101514,0.06702598356325581,0.44185803449078037,0.11390106983723913,0.11486272190197067,0.00047723130708048625
VLO,250,0.0003264711286241708,0.08227072441329103,0.2873980739894491,0.09844283362951822,0.09926823735348034,0.0005377263104536397
VMC,250,0.00027700595152852235,0.06980549978518763,0.30059529167552873,0.09999106732465535,0.10083003841687255,0.00048826113335799314
VRSK,250,0.0003304854438091551,0.08328233183990709,0.4265139007540511,0.12345582045148329,0.12450255511657238,0.0005417406256386243
VRSN,250,-0.0005797788565790898,-0.14610427185793062,-0.785842504500208,-0.10358274741514795,-0.10436658524276321,-0.00036852367474962065
VRTX,250,0.0012757124091116005,0.3214795270961233,1.3794439323664756,0.41238964975191705,0.4162964367838904,0.0014869675909410709
VTR,250,0.0013629850969602564,0.3434722444339846,1.4556553021526282,0.4417362574385799,0.4459620904874335,0.0015742402787897291
VZ,250,0.0006125108163963428,0.1543527257318784,0.6858394367365807,0.19850826298868607,0.2002457057965179,0.0008237659982258113
WAB,250,0.0014842808010189746,0.3740387618567816,1.7634660375560263,0.4941405455639092,0.4989480541740383,0.0016955359828484458
WAT,250,0.0008057098475865537,0.20303888159181155,0.672098534264072,0.2324746268731328,0.2345372855792418,0.0010169650294160203
WBA,250,-0.0034801310698245294,-0.8769930295957814,-1.8941997013011957,-0.6052070047153733,-0.6081314643705937,-0.003268875887995065
WDC,250,0.0015035828796004268,0.3789028856593076,0.9897049090822185,0.4271104796442473,0.43117669631900646,0.0017148380614298944
WEC,250,0.00031566423153510875,0.07954738634684741,0.40649123530231734,0.11935986158217093,0.12037004214168157,0.0005269194133645784
WELL,250,0.001376282432475958,0.3468231729839414,1.8141244495061226,0.4603097918257357,0.46474005254498296,0.0015875376143054281
WFC,250,0.0012631047829833575,0.3183024053118061,1.3100207610467667,0.40384151449246697,0.4076562920259519,0.0014743599648128268
WM,250,0.001054135209663448,0.26564207283518887,1.4939841952620097,0.3504872346002257,0.3537373371586474,0.0012653903914929172
WMB,250,0.0009642283019364981,0.2429855320879975,1.3279506217730468,0.31940046900215613,0.32232937950295204,0.001175483483765968
WMT,250,0.0012982400484878667,0.3271564922189424,1.781383468683695,0.43399152384985573,0.43813268558934304,0.0015094952303173338
WRB,250,0.0013274033966252387,0.33450565594956017,1.5308775391223552,0.4344065904625489,0.43855228146273295,0.0015386585784547084
WTW,250,0.0012259010063688364,0.30892705360494677,1.564218977335079,0.4052532458418834,0.40908318987089065,0.0014371561881983072
WY,250,-0.00039540623275996056,-0.09964237065551006,-0.43681129062770674,-0.06900764057653952,-0.06954004725964291,-0.0001841510509304939
WYNN,250,-0.0011767129826332522,-0.2965316716235796,-1.0751333938907794,-0.24360490244898414,-0.24529244934512617,-0.0009654578008037862
XEL,250,0.00021157149999040113,0.05331601799758109,0.23614428317199948,0.08352506389838266,0.08422064729221845,0.00042282668181987037
XOM,250,2.2704423228620652e-05,0.005721514653612404,0.028216450796656727,0.038935922560305425,0.03925344527078756,0.00023395960505808483
XYL,250,0.0010492576029135956,0.2644129159342261,1.2606590781313864,0.3407096541663557,0.3438581037645194,0.0012605127847430668
YUM,250,9.061446120907091e-07,0.0002283484422468587,0.0014024828894512648,0.040728161093460225,0.04106058630610976,0.00021216132644155718
ZBH,250,-0.00026086962908407595,-0.06573914652918714,-0.3150163022241688,-0.033403080499849414,-0.03366575584254228,-4.961444725460884e-05
ZTS,250,-0.0002688016500043667,-0.0677380158011004,-0.2599031155015792,-0.04690421036203751,-0.04727043274111098,-5.7546468174902e-05
